method,spec,kind,intensity,planted,detected,recall,recall_low,recall_high,control_docs,control_flagged,control_fpr_high,seconds
exact n=2,verbatim,verbatim,,50,50,1.0,0.9286499658256813,1.0,300,138,0.5165493254286525,23.362390500027686
exact n=2,format_noise,format_noise,,50,50,1.0,0.9286499658256813,1.0,300,138,0.5165493254286525,23.362390500027686
exact n=2,punct_delete,punct_delete,,50,50,1.0,0.9286499658256813,1.0,300,138,0.5165493254286525,23.362390500027686
exact n=2,word_delete@0.05,word_delete,0.05,50,50,1.0,0.9286499658256813,1.0,300,138,0.5165493254286525,23.362390500027686
exact n=2,word_delete@0.1,word_delete,0.1,50,50,1.0,0.9286499658256813,1.0,300,138,0.5165493254286525,23.362390500027686
exact n=2,word_delete@0.2,word_delete,0.2,50,50,1.0,0.9286499658256813,1.0,300,138,0.5165493254286525,23.362390500027686
exact n=2,word_delete@0.3,word_delete,0.3,50,47,0.94,0.8378265662912299,0.9793854036353695,300,138,0.5165493254286525,23.362390500027686
exact n=2,word_substitute@0.05,word_substitute,0.05,50,50,1.0,0.9286499658256813,1.0,300,138,0.5165493254286525,23.362390500027686
exact n=2,word_substitute@0.1,word_substitute,0.1,50,50,1.0,0.9286499658256813,1.0,300,138,0.5165493254286525,23.362390500027686
exact n=2,word_substitute@0.2,word_substitute,0.2,50,50,1.0,0.9286499658256813,1.0,300,138,0.5165493254286525,23.362390500027686
exact n=2,word_substitute@0.3,word_substitute,0.3,50,47,0.94,0.8378265662912299,0.9793854036353695,300,138,0.5165493254286525,23.362390500027686
exact n=2,truncate@0.8,truncate,0.8,50,50,1.0,0.9286499658256813,1.0,300,138,0.5165493254286525,23.362390500027686
exact n=2,truncate@0.6,truncate,0.6,50,50,1.0,0.9286499658256813,1.0,300,138,0.5165493254286525,23.362390500027686
exact n=2,number_change,number_change,,50,50,1.0,0.9286499658256813,1.0,300,138,0.5165493254286525,23.362390500027686
exact n=2,choice_shuffle,choice_shuffle,,50,50,1.0,0.9286499658256813,1.0,300,138,0.5165493254286525,23.362390500027686
exact n=2,labelled_dot,labelled_dot,,50,50,1.0,0.9286499658256813,1.0,300,138,0.5165493254286525,23.362390500027686
exact n=2,labelled_paren,labelled_paren,,50,50,1.0,0.9286499658256813,1.0,300,138,0.5165493254286525,23.362390500027686
exact n=2,html_wrap,html_wrap,,50,50,1.0,0.9286499658256813,1.0,300,138,0.5165493254286525,23.362390500027686
exact n=2,html_split@1,html_split,1,50,50,1.0,0.9286499658256813,1.0,300,138,0.5165493254286525,23.362390500027686
exact n=2,html_split@3,html_split,3,50,50,1.0,0.9286499658256813,1.0,300,138,0.5165493254286525,23.362390500027686
exact n=3,verbatim,verbatim,,50,50,1.0,0.9286499658256813,1.0,300,3,0.028984004635062833,3.6832602000795305
exact n=3,format_noise,format_noise,,50,50,1.0,0.9286499658256813,1.0,300,3,0.028984004635062833,3.6832602000795305
exact n=3,punct_delete,punct_delete,,50,50,1.0,0.9286499658256813,1.0,300,3,0.028984004635062833,3.6832602000795305
exact n=3,word_delete@0.05,word_delete,0.05,50,49,0.98,0.8950431352816304,0.9964608319110235,300,3,0.028984004635062833,3.6832602000795305
exact n=3,word_delete@0.1,word_delete,0.1,50,50,1.0,0.9286499658256813,1.0,300,3,0.028984004635062833,3.6832602000795305
exact n=3,word_delete@0.2,word_delete,0.2,50,44,0.88,0.7619492111337642,0.9438247628937535,300,3,0.028984004635062833,3.6832602000795305
exact n=3,word_delete@0.3,word_delete,0.3,50,36,0.72,0.5833461285401034,0.8252598564231963,300,3,0.028984004635062833,3.6832602000795305
exact n=3,word_substitute@0.05,word_substitute,0.05,50,50,1.0,0.9286499658256813,1.0,300,3,0.028984004635062833,3.6832602000795305
exact n=3,word_substitute@0.1,word_substitute,0.1,50,49,0.98,0.8950431352816304,0.9964608319110235,300,3,0.028984004635062833,3.6832602000795305
exact n=3,word_substitute@0.2,word_substitute,0.2,50,48,0.96,0.8653966212204534,0.9889613473391734,300,3,0.028984004635062833,3.6832602000795305
exact n=3,word_substitute@0.3,word_substitute,0.3,50,29,0.58,0.4423319668777783,0.7062520276543307,300,3,0.028984004635062833,3.6832602000795305
exact n=3,truncate@0.8,truncate,0.8,50,50,1.0,0.9286499658256813,1.0,300,3,0.028984004635062833,3.6832602000795305
exact n=3,truncate@0.6,truncate,0.6,50,50,1.0,0.9286499658256813,1.0,300,3,0.028984004635062833,3.6832602000795305
exact n=3,number_change,number_change,,50,50,1.0,0.9286499658256813,1.0,300,3,0.028984004635062833,3.6832602000795305
exact n=3,choice_shuffle,choice_shuffle,,50,50,1.0,0.9286499658256813,1.0,300,3,0.028984004635062833,3.6832602000795305
exact n=3,labelled_dot,labelled_dot,,50,50,1.0,0.9286499658256813,1.0,300,3,0.028984004635062833,3.6832602000795305
exact n=3,labelled_paren,labelled_paren,,50,50,1.0,0.9286499658256813,1.0,300,3,0.028984004635062833,3.6832602000795305
exact n=3,html_wrap,html_wrap,,50,50,1.0,0.9286499658256813,1.0,300,3,0.028984004635062833,3.6832602000795305
exact n=3,html_split@1,html_split,1,50,50,1.0,0.9286499658256813,1.0,300,3,0.028984004635062833,3.6832602000795305
exact n=3,html_split@3,html_split,3,50,50,1.0,0.9286499658256813,1.0,300,3,0.028984004635062833,3.6832602000795305
exact n=5,verbatim,verbatim,,50,50,1.0,0.9286499658256813,1.0,300,0,0.012643429997735661,3.1864243999589235
exact n=5,format_noise,format_noise,,50,50,1.0,0.9286499658256813,1.0,300,0,0.012643429997735661,3.1864243999589235
exact n=5,punct_delete,punct_delete,,50,49,0.98,0.8950431352816304,0.9964608319110235,300,0,0.012643429997735661,3.1864243999589235
exact n=5,word_delete@0.05,word_delete,0.05,50,48,0.96,0.8653966212204534,0.9889613473391734,300,0,0.012643429997735661,3.1864243999589235
exact n=5,word_delete@0.1,word_delete,0.1,50,44,0.88,0.7619492111337642,0.9438247628937535,300,0,0.012643429997735661,3.1864243999589235
exact n=5,word_delete@0.2,word_delete,0.2,50,26,0.52,0.3851151225880844,0.6520308760449429,300,0,0.012643429997735661,3.1864243999589235
exact n=5,word_delete@0.3,word_delete,0.3,50,8,0.16,0.08337321362087696,0.2851448096176598,300,0,0.012643429997735661,3.1864243999589235
exact n=5,word_substitute@0.05,word_substitute,0.05,50,48,0.96,0.8653966212204534,0.9889613473391734,300,0,0.012643429997735661,3.1864243999589235
exact n=5,word_substitute@0.1,word_substitute,0.1,50,45,0.9,0.7863950966521162,0.956524876008429,300,0,0.012643429997735661,3.1864243999589235
exact n=5,word_substitute@0.2,word_substitute,0.2,50,26,0.52,0.3851151225880844,0.6520308760449429,300,0,0.012643429997735661,3.1864243999589235
exact n=5,word_substitute@0.3,word_substitute,0.3,50,12,0.24,0.14297252401872207,0.3741294937519236,300,0,0.012643429997735661,3.1864243999589235
exact n=5,truncate@0.8,truncate,0.8,50,50,1.0,0.9286499658256813,1.0,300,0,0.012643429997735661,3.1864243999589235
exact n=5,truncate@0.6,truncate,0.6,50,50,1.0,0.9286499658256813,1.0,300,0,0.012643429997735661,3.1864243999589235
exact n=5,number_change,number_change,,50,46,0.92,0.8116149745493629,0.9684509967442093,300,0,0.012643429997735661,3.1864243999589235
exact n=5,choice_shuffle,choice_shuffle,,50,50,1.0,0.9286499658256813,1.0,300,0,0.012643429997735661,3.1864243999589235
exact n=5,labelled_dot,labelled_dot,,50,50,1.0,0.9286499658256813,1.0,300,0,0.012643429997735661,3.1864243999589235
exact n=5,labelled_paren,labelled_paren,,50,50,1.0,0.9286499658256813,1.0,300,0,0.012643429997735661,3.1864243999589235
exact n=5,html_wrap,html_wrap,,50,50,1.0,0.9286499658256813,1.0,300,0,0.012643429997735661,3.1864243999589235
exact n=5,html_split@1,html_split,1,50,48,0.96,0.8653966212204534,0.9889613473391734,300,0,0.012643429997735661,3.1864243999589235
exact n=5,html_split@3,html_split,3,50,50,1.0,0.9286499658256813,1.0,300,0,0.012643429997735661,3.1864243999589235
fuzzy k=2,verbatim,verbatim,,50,50,1.0,0.9286499658256813,1.0,300,10,0.0602624514575691,104.1612469998654
fuzzy k=2,format_noise,format_noise,,49,49,1.0,0.9272997032640949,1.0,300,10,0.0602624514575691,104.1612469998654
fuzzy k=2,punct_delete,punct_delete,,50,50,1.0,0.9286499658256813,1.0,300,10,0.0602624514575691,104.1612469998654
fuzzy k=2,word_delete@0.05,word_delete,0.05,48,48,1.0,0.9258973488472576,1.0,300,10,0.0602624514575691,104.1612469998654
fuzzy k=2,word_delete@0.1,word_delete,0.1,49,49,1.0,0.9272997032640949,1.0,300,10,0.0602624514575691,104.1612469998654
fuzzy k=2,word_delete@0.2,word_delete,0.2,48,48,1.0,0.9258973488472576,1.0,300,10,0.0602624514575691,104.1612469998654
fuzzy k=2,word_delete@0.3,word_delete,0.3,45,42,0.9333333333333333,0.8214312561135918,0.977068383537853,300,10,0.0602624514575691,104.1612469998654
fuzzy k=2,word_substitute@0.05,word_substitute,0.05,50,50,1.0,0.9286499658256813,1.0,300,10,0.0602624514575691,104.1612469998654
fuzzy k=2,word_substitute@0.1,word_substitute,0.1,49,49,1.0,0.9272997032640949,1.0,300,10,0.0602624514575691,104.1612469998654
fuzzy k=2,word_substitute@0.2,word_substitute,0.2,49,49,1.0,0.9272997032640949,1.0,300,10,0.0602624514575691,104.1612469998654
fuzzy k=2,word_substitute@0.3,word_substitute,0.3,48,41,0.8541666666666666,0.7283255295714138,0.9275184258620602,300,10,0.0602624514575691,104.1612469998654
fuzzy k=2,truncate@0.8,truncate,0.8,49,49,1.0,0.9272997032640949,1.0,300,10,0.0602624514575691,104.1612469998654
fuzzy k=2,truncate@0.6,truncate,0.6,50,50,1.0,0.9286499658256813,1.0,300,10,0.0602624514575691,104.1612469998654
fuzzy k=2,number_change,number_change,,50,50,1.0,0.9286499658256813,1.0,300,10,0.0602624514575691,104.1612469998654
fuzzy k=2,choice_shuffle,choice_shuffle,,47,47,1.0,0.9244398288016114,1.0,300,10,0.0602624514575691,104.1612469998654
fuzzy k=2,labelled_dot,labelled_dot,,47,47,1.0,0.9244398288016114,1.0,300,10,0.0602624514575691,104.1612469998654
fuzzy k=2,labelled_paren,labelled_paren,,46,46,1.0,0.9229238226702192,1.0,300,10,0.0602624514575691,104.1612469998654
fuzzy k=2,html_wrap,html_wrap,,50,50,1.0,0.9286499658256813,1.0,300,10,0.0602624514575691,104.1612469998654
fuzzy k=2,html_split@1,html_split,1,46,46,1.0,0.9229238226702192,1.0,300,10,0.0602624514575691,104.1612469998654
fuzzy k=2,html_split@3,html_split,3,47,47,1.0,0.9244398288016114,1.0,300,10,0.0602624514575691,104.1612469998654
fuzzy k=3,verbatim,verbatim,,50,50,1.0,0.9286499658256813,1.0,300,0,0.012643429997735661,202.70885240007192
fuzzy k=3,format_noise,format_noise,,49,49,1.0,0.9272997032640949,1.0,300,0,0.012643429997735661,202.70885240007192
fuzzy k=3,punct_delete,punct_delete,,50,50,1.0,0.9286499658256813,1.0,300,0,0.012643429997735661,202.70885240007192
fuzzy k=3,word_delete@0.05,word_delete,0.05,48,48,1.0,0.9258973488472576,1.0,300,0,0.012643429997735661,202.70885240007192
fuzzy k=3,word_delete@0.1,word_delete,0.1,49,49,1.0,0.9272997032640949,1.0,300,0,0.012643429997735661,202.70885240007192
fuzzy k=3,word_delete@0.2,word_delete,0.2,48,41,0.8541666666666666,0.7283255295714138,0.9275184258620602,300,0,0.012643429997735661,202.70885240007192
fuzzy k=3,word_delete@0.3,word_delete,0.3,45,30,0.6666666666666666,0.520702168092554,0.7864130779272324,300,0,0.012643429997735661,202.70885240007192
fuzzy k=3,word_substitute@0.05,word_substitute,0.05,50,50,1.0,0.9286499658256813,1.0,300,0,0.012643429997735661,202.70885240007192
fuzzy k=3,word_substitute@0.1,word_substitute,0.1,49,49,1.0,0.9272997032640949,1.0,300,0,0.012643429997735661,202.70885240007192
fuzzy k=3,word_substitute@0.2,word_substitute,0.2,49,45,0.9183673469387755,0.8081061295851387,0.9677977037582878,300,0,0.012643429997735661,202.70885240007192
fuzzy k=3,word_substitute@0.3,word_substitute,0.3,48,25,0.5208333333333334,0.3832899563598438,0.6552890998421255,300,0,0.012643429997735661,202.70885240007192
fuzzy k=3,truncate@0.8,truncate,0.8,49,49,1.0,0.9272997032640949,1.0,300,0,0.012643429997735661,202.70885240007192
fuzzy k=3,truncate@0.6,truncate,0.6,50,50,1.0,0.9286499658256813,1.0,300,0,0.012643429997735661,202.70885240007192
fuzzy k=3,number_change,number_change,,50,49,0.98,0.8950431352816304,0.9964608319110235,300,0,0.012643429997735661,202.70885240007192
fuzzy k=3,choice_shuffle,choice_shuffle,,47,47,1.0,0.9244398288016114,1.0,300,0,0.012643429997735661,202.70885240007192
fuzzy k=3,labelled_dot,labelled_dot,,47,47,1.0,0.9244398288016114,1.0,300,0,0.012643429997735661,202.70885240007192
fuzzy k=3,labelled_paren,labelled_paren,,46,46,1.0,0.9229238226702192,1.0,300,0,0.012643429997735661,202.70885240007192
fuzzy k=3,html_wrap,html_wrap,,50,50,1.0,0.9286499658256813,1.0,300,0,0.012643429997735661,202.70885240007192
fuzzy k=3,html_split@1,html_split,1,46,46,1.0,0.9229238226702192,1.0,300,0,0.012643429997735661,202.70885240007192
fuzzy k=3,html_split@3,html_split,3,47,47,1.0,0.9244398288016114,1.0,300,0,0.012643429997735661,202.70885240007192
